BR,year,incomplete,elementary,high,college,14 a 29 anos,30 a 49 anos,50 a 59 anos,60 anos ou mais
Brasil,2018,9.745825207186842,10.972068423194251,14.216614506884598,38.46602278016637,1837.4418035555373,3131.3696325274827,3374.7101922646543,3553.8241319817557
Brasil,2019,9.580408255825379,10.985754409959712,13.978272869707643,38.36212459173406,1799.4060038673463,3145.671865898921,3340.3182800738023,3408.933919358161
Brasil,2020,9.605308971544025,11.115280212726898,13.588043765605764,37.21927906763798,1858.4841998398733,3236.14513080283,3362.6574838388456,3702.929322184395
Brasil,2021,9.082319614127659,10.125229144232328,12.924026074980993,35.47819876516064,1781.9788108365394,3016.8212877993483,3166.7428491068617,3538.6594652952203
Brasil,2022,9.63594259304482,10.629127547457028,12.954738975213017,33.26845199900531,1821.6931465959224,2988.5943365349654,3051.332473275823,3191.2776677110896
Brasil,2023,10.165536358827948,11.170672255201692,13.884617849791836,35.71258923678603,1963.7449483056562,3196.241584334599,3222.8867706449014,3449.019990104297
